<?xml version="1.0" encoding="UTF-8"?>
<sltp_editor version="1.1" packageUris="http://schema.mathworks.com/mf0/DiagramEditor/R2019a_20181107 http://schema.mathworks.com/mf0/SltpSyntax/R2023b_202211070000">
  <sltp.mm.syntax.Context type="sltp.mm.syntax.Context" uuid="f4d79277-d73f-4341-a8a0-9dfaa0c325d1">
    <rootGraph type="sltp.mm.syntax.Graph" uuid="100c8c8a-0be9-41c5-abac-f4579d7b97ae">
      <priorityDirection>HighNumberFirst</priorityDirection>
      <title>Default</title>
      <diagramElement type="diagram.editor.model.Diagram" uuid="fc43f3cc-8d33-472c-b715-ac66fca8e075"/>
    </rootGraph>
  </sltp.mm.syntax.Context>
  <diagram.editor.model.Diagram type="diagram.editor.model.Diagram" uuid="fc43f3cc-8d33-472c-b715-ac66fca8e075">
    <syntaxElement type="sltp.mm.syntax.Graph" uuid="100c8c8a-0be9-41c5-abac-f4579d7b97ae"/>
    <title>Default</title>
    <type>graph.Graph</type>
  </diagram.editor.model.Diagram>
</sltp_editor>