<?xml version="1.0" encoding="UTF-8"?>
<sltp_graph version="1.1" packageUris="http://schema.mathworks.com/mf0/sltp_mm/R2023a_202209151115">
  <sltp.mm.core.Context type="sltp.mm.core.Context" uuid="b2386929-8020-403d-ae26-de25a208f80e">
    <defaultEventBehavior type="sltp.mm.core.EventBehavior" uuid="36a7ad7d-ac09-4aef-8c95-b6806a0a1564"/>
    <editorState type="sltp.mm.core.EditorState" uuid="77a4ea7a-2f35-41e1-80b5-4dc54725eac6">
      <panelState type="sltp.mm.core.EditorPanelState" uuid="a2dd9f7b-1f4d-4252-84b3-7fcc227b8bcb"/>
    </editorState>
    <rootTask type="sltp.mm.core.Task" uuid="9d25df16-d0cb-41bf-a360-0bb74fae67fd">
      <context type="sltp.mm.core.Context" uuid="b2386929-8020-403d-ae26-de25a208f80e"/>
      <explicit>false</explicit>
      <name>Default</name>
      <priority>-2147483648</priority>
      <subgraph type="sltp.mm.core.Graph" uuid="c6b8ee2b-a123-4a7b-9861-2ed8b074d957"/>
    </rootTask>
  </sltp.mm.core.Context>
</sltp_graph>